2tpi,2
4tln,0
1rnt,0
4ts1,0
4tmn,4
2tmn,3
1tlp,3
1tmn,3
5tmn,4
1rbp,0
1fkf,0
4er1,4
5er2,6
4er2,6
2ypi,0
6cpa,0
4sga,5
5er1,6
4tim,0
1igj,0
1fkb,0
1l83,0
1atr,0
6rnt,0
3gst,0
1cps,0
2gst,0
1ppm,5
1hos,0
1ppl,5
1bcd,0
1ivp,5
1trd,0
1hsl,0
2drc,0
1lst,0
1dhj,0
1tys,0
1adl,0
1mfd,3
2cgr,0
1dhi,0
1srg,0
1erb,0
1mfa,3
1tni,0
2ctc,0
1add,0
1elc,4
1wht,0
2sim,0
1tnh,0
1ela,4
1cbx,0
1ppc,4
1hps,0
1azm,0
1tng,0
1pph,3
1fki,0
1rpf,0
1fkg,0
1tkb,0
1hvl,0
1epo,5
1hvk,0
1hvi,0
1sbg,0
1apv,5
1ppk,5
1lyb,6
2cht,0
1aaq,0
1hvj,0
1elb,4
8cpa,0
1fkh,0
1siv,0
1drj,0
2dri,0
1drk,0
1flr,0
1hmr,0
1hms,0
1hmt,0
1cny,0
1laf,0
186l,0
1cnw,0
184l,0
1yda,0
185l,0
1pgp,0
1lah,0
187l,0
1cnx,0
188l,0
1ydb,0
1lag,0
1ydd,0
2gyi,0
1cgl,5
1ele,4
1fpc,3
1eld,4
1lcp,0
1pdz,0
1hvr,0
1atl,0
1tpw,0
1hpv,0
1ctu,0
1gar,0
1bty,0
1fiv,9
1bma,4
1ctt,0
1hbv,0
1hvs,0
1hii,0
1lan,0
1ppi,4
1hih,0
1nja,0
1gaf,0
1tsy,0
1dar,0
1lkk,5
1lkl,5
1nje,0
1str,8
1ceb,0
1njd,0
1njc,0
1mai,0
1sld,8
2olb,3
1pot,0
1det,0
1kel,0
1mmq,0
1grp,0
1sln,0
1hsh,0
1igb,0
1jao,3
1gai,0
1tcx,0
1dud,0
1gno,0
1gnn,0
1dif,0
1jaq,3
2csn,0
1mmr,0
1mtr,5
1hpx,0
1gnm,0
1pro,0
1rnm,0
1tcw,0
1fkw,0
1avn,0
1drv,0
1okl,0
1jev,3
1aj7,0
1jeu,3
1ado,0
2h4n,0
2mas,0
1jet,3
2aac,0
1uvt,0
1qbt,0
1qbr,0
1ajq,0
1qbu,0
1ai7,0
1hxb,5
1ai5,0
1dmp,0
1qbs,0
1hpo,0
1yds,0
3gss,0
2gss,0
1ajx,0
2rkm,2
3aid,0
1aid,0
1ajv,0
1ajn,0
1vfn,0
1ydr,0
1ai4,0
7upj,0
6upj,0
1ydt,0
1ajp,0
1amk,0
1tom,0
5upj,0
2jxr,5
1rtf,0
1b7h,3
1b6h,3
1a4k,0
3pcj,0
1b1h,3
1b0h,3
1b38,0
3pck,0
1bcu,0
1wdn,0
1b3h,3
1a9q,0
1ax0,0
1jmg,0
1b5h,3
1yet,0
1jmf,0
1b3l,3
1b3f,3
1a1e,4
2izl,0
1b3g,3
4tmk,0
3pcn,0
1amw,0
1b2h,3
1a99,0
1b4h,3
1bm7,0
5tmp,0
1bhf,5
1swg,0
4rsk,0
1b05,3
1b32,3
1usn,0
2qwe,0
1bv7,0
1xug,0
1bxo,0
1bv9,0
1bhx,0
2usn,0
1moq,0
1alw,0
1bdq,0
1met,0
10gs,3
1br6,0
2wed,0
3pcf,0
1a4w,4
3pce,0
2wec,0
1a9m,0
1hvh,0
2qwd,0
1hxw,0
1bju,0
2qwb,0
2qwf,0
1bwa,0
1bjv,0
1mes,0
1afk,0
3jdw,0
2qwc,0
1hfs,0
1ohr,0
1a8i,0
1bwb,0
1bxq,0
1a28,0
1a30,3
1afl,0
3pcg,0
1a69,0
1bq4,0
2web,0
1stc,0
1jfh,0
1bnn,0
1swr,0
1bn3,0
1bnt,0
1bnu,0
1a4r,0
1bnq,0
1rpj,0
1ct8,0
1bn1,0
1bn4,0
1d4p,0
1bnw,0
2ans,0
1ork,0
1bnv,0
1b9j,3
1qka,3
3tmk,0
1d2e,0
1bgq,0
3kiv,0
1d7i,0
1b58,3
2pcp,0
1yei,0
1yej,0
1b5j,3
1bzy,0
1b55,0
1b51,3
1qkb,3
1d7j,0
1b46,3
1b40,3
1b4z,3
1qk4,0
1qk3,0
1qaw,0
1b52,3
1b5i,3
1d4y,0
2std,0
456c,0
1ch8,0
1oth,0
1dfo,0
1bxr,0
1pme,0
5yas,0
1cet,0
2bza,0
1qin,0
1qf2,0
1bzc,0
1xka,0
1a94,8
1b8y,0
7std,0
6std,0
1mfi,0
1bai,8
2bpv,0
1c3x,0
1bzj,0
966c,0
1b8o,0
1upf,0
1c3e,0
1qhc,0
2fmb,0
1b8n,0
5std,0
1ciz,0
2bpy,0
1hwr,0
1qbv,0
1qf0,0
4std,0
1qf1,0
1qbq,0
3std,0
1fao,0
1fl3,0
1df8,0
1g52,0
1dl7,0
1g1d,0
1fcz,0
1d3d,0
1dzk,0
1g53,0
1qkt,0
1g54,0
1g46,0
1duv,0
1qft,0
1ql7,0
1c5c,0
1elr,6
1g4j,0
1g45,0
1f4x,0
1fo0,8
1ftm,0
1fzq,0
1e4h,0
1g48,0
1fcy,0
1bp0,0
1d3p,0
1g4o,0
1fcx,0
1d6v,0
1fch,5
1c1u,0
1b57,0
1c1r,0
1c1v,0
1c4u,0
1c70,0
1fjs,0
1fh8,0
1fhd,0
1c5x,0
1f3e,0
1fh9,0
1c5q,0
1e6s,0
1d4k,0
1d9i,3
1ec9,0
1f74,0
1ezq,0
1eoc,0
1ecq,0
1c5s,0
1f4e,0
1fkn,8
1d4l,0
1b6k,0
1f0t,0
1dqn,0
1e2k,0
1d6w,3
1b6j,0
1qbn,0
1c83,0
1ecv,0
1qji,0
1qb1,0
1f0s,0
1qbo,0
1f57,0
1ejn,0
1c5n,0
1c86,0
1c5p,0
1f0r,0
1f4f,0
1d09,0
1egh,0
1c5o,0
1f4g,0
1qan,0
1qb9,0
1fq5,6
1f73,0
1ql9,0
1dy4,0
1c88,0
1fh7,0
1e2l,0
1b6l,0
1ft7,0
1c5y,0
1c87,0
1f0u,0
1gfy,0
1enu,0
1dgm,0
1c5t,0
1qb6,0
8a3h,0
1c84,0
1c5z,0
1ie9,0
1hn4,0
1i80,0
1ex8,0
1g7v,0
1i7z,0
1e3g,0
1k1l,0
1fzo,9
1k1n,0
1i9n,0
1fzm,8
1if8,0
1ii5,0
1k1i,0
1k1j,0
1jgl,0
1i9l,0
1i9m,0
1i9o,0
1i9p,0
1i9q,0
1if7,0
1ikt,0
1k1m,0
1e3v,0
1fzk,9
1h6h,0
1fzj,8
1i1e,0
1j4r,0
1f8c,0
1e66,0
1g7g,0
1jzs,0
1i37,0
1k9s,0
1i00,0
1hnn,0
1e6q,0
1iih,0
1e1x,0
1hdq,0
1e5j,4
1hlk,0
1g2k,0
1e1v,0
1g30,0
1f8e,0
1f5k,0
1fm9,0
1jak,0
1g3d,0
1hp5,0
1g2o,0
1g98,0
1g9r,0
1jsv,0
1g7f,0
1hi4,0
1ik4,0
1f8b,0
1g3e,0
1hee,0
1f8d,0
1f5l,0
1g2l,0
1hi3,0
1k1o,0
1g36,0
1efy,0
1g35,0
1gcz,0
1g32,0
1hyo,0
1hi5,0
1m7y,0
1lbf,0
1n4k,0
1lrh,0
1li6,0
1gx8,0
1m83,0
1lgt,0
1kdk,0
1kv1,0
1kzn,0
1kyv,0
1lhu,0
1lgw,0
1k6v,0
1h2t,0
1k6t,0
1jyq,4
1g85,0
1h0a,0
1k6c,0
1k6p,0
1jlr,0
1fd0,0
1li3,0
1lbk,0
1m48,0
1g7q,8
1ez9,4
1kmy,0
1li2,0
1ghy,0
1gj7,0
1izh,0
1gi4,0
1d4h,0
1ec2,0
1gj6,0
1gj8,0
1kuk,3
1m0q,0
1kug,3
1kui,3
1eby,0
1izi,0
1gz4,0
1loq,0
1koj,0
1gpn,0
1j01,0
1m4h,8
1ebz,0
1lol,0
1gjc,0
1ksn,0
1ew9,0
1l8g,0
1h22,0
1ebw,0
1ec3,0
1jq8,5
1fv0,0
1ec1,0
1h2k,0
1d4i,0
1k4g,0
1kpm,0
1kav,0
1gvw,5
1h5v,5
1km3,0
1jqy,0
1j16,0
1ghz,0
1lee,0
1h4w,0
1m1b,0
1gyy,0
1n1m,0
1ec0,0
1gyx,0
1gi1,0
1gja,0
1jys,0
1lf2,0
1gu1,0
1gi7,0
1j14,0
1iiq,6
1kc7,0
1k21,0
1gpk,0
1d4j,0
1h23,0
1m0o,0
1kzk,0
1ghv,0
1i2s,0
1k22,0
1ew8,0
1j17,0
1m0n,0
1gjd,0
1gvx,6
1kv5,0
1ghw,0
1h1s,0
1jcx,0
1k4h,0
1jvu,0
1eb2,0
1nf8,0
1o7o,0
1q72,0
1qyg,0
1p1n,0
1usi,0
1mrw,0
1g74,0
1usk,0
1m7d,3
1mh5,0
1msn,0
1ogx,0
1ogd,0
1n8v,0
1q8u,0
1ugx,0
1ogz,0
1ols,0
1p1o,0
1mjj,0
1r0p,0
1p1q,0
1q8t,0
1oif,0
1lnm,0
1gwv,0
1oz0,0
1nli,0
1oba,0
1lke,0
1msm,0
1n0s,0
1olu,0
1oe8,0
1m7i,5
1lvu,0
1hk4,0
1olx,0
1pz5,8
1q8w,0
1m5w,0
1mrx,0
1ucn,0
1nw5,0
1odi,0
1l6m,0
1nw7,0
1odj,0
1onz,0
1o3f,0
1o2q,0
1lyx,0
1n46,0
1oyt,0
1o3i,0
1o2h,0
1o3d,0
1nz7,0
1nm6,0
1o2j,0
1pvn,0
1o38,0
1nq7,0
1o30,0
1o3j,0
1ony,0
1o3p,0
1o86,0
1n4h,0
1o3l,0
1m2r,0
1o2o,0
1pbq,0
1iy7,0
1k1y,0
1nc1,0
1m2p,0
1o2z,0
1m2q,0
1o2n,0
1nhz,0
1os0,3
1k27,0
1j37,0
1nfw,0
1nl9,0
1o36,0
1o0h,0
1n3i,0
1nfy,0
1nt1,0
1o2w,0
1q54,0
1o33,0
1nu3,0
1my4,0
1nc3,0
1o35,0
1jn4,0
1oyq,0
1mrs,0
1ndv,0
1pr5,0
1n51,0
1njs,0
1nvs,0
1oss,0
1j36,0
1nfu,0
1mq5,0
1n5r,0
1nhu,0
1nny,0
1pb9,0
1lpz,0
1pa9,0
1h46,0
1np0,0
1lpk,0
1i5r,0
1nfx,0
1pyn,0
1mrn,0
1no6,0
1nwl,0
1lzq,6
1owh,0
1o1s,0
1ps3,0
1nvq,0
1ndw,0
1o0f,0
1h1d,0
1o2r,0
1ocq,0
1n3z,0
1owe,0
1ndy,0
1pb8,0
1o0m,0
1ndz,0
1nvr,0
1m2x,0
1mq6,0
1lpg,0
1o0n,0
1ui0,0
1od8,0
1qxk,0
1sr7,0
1toi,0
1utj,0
1os5,0
1nki,0
1s19,0
1utn,0
1qy1,0
1toj,0
1xow,0
1tq4,0
1tog,0
1uho,0
1w9u,0
1t7d,0
1utm,0
1u1w,0
1qy2,0
1v11,0
1rmz,0
1vyg,0
1xws,0
1sbr,0
1v1m,0
1uz8,3
1v16,0
1rd4,0
1pfu,0
1q1g,0
1oau,0
1szd,0
1xap,0
1utl,0
1tok,0
1oar,0
1r6n,0
1td7,0
1uw6,0
1ttm,0
1sv3,0
1w3j,0
1r9l,0
1uto,0
2bfr,0
1sw1,0
1oxr,0
1sw2,0
1pzi,0
1q7a,0
1uv6,0
1p19,0
1nw4,0
1r4w,0
1vyf,0
1rp7,0
1v0l,0
1sqo,0
1ua4,0
1xd0,0
1pxn,0
1sb1,0
1pkx,0
1om1,0
1nh0,5
1wc1,0
1rjk,0
1pxp,0
1xjd,0
1r5y,0
1o5a,0
1w3l,3
1px4,0
1phw,0
1wm1,0
1sqa,0
1sqt,0
1v2k,0
1ta6,0
1u0g,0
1uj5,0
1uj6,0
1xbo,0
1s63,0
1uwu,0
1uwt,0
1mu8,0
1v2n,0
1r1h,0
1ugp,0
1sl3,0
1m0b,6
1w5w,0
1rql,0
2bet,0
1o5b,0
1ur9,3
1o5e,0
1qxl,0
1o5g,0
1uz1,0
1xff,0
1v48,0
1v2o,0
1sdv,0
1txr,0
1v2t,0
1ssq,0
1pxo,0
1mue,0
1r1j,0
1s39,0
1uou,0
1u33,0
1v2r,0
1w5y,0
1q65,0
1uml,0
1ro6,0
1q5k,0
1xkk,0
1w5x,0
1mu6,0
1uz4,0
1p57,0
1sgu,0
1v2u,0
1pzo,0
1pzp,0
1s89,0
1w3k,0
1v2l,0
1sdt,0
1v2j,0
2bes,0
1o5c,0
1ogg,3
1ro7,0
1v2s,0
1s38,0
1w5v,0
1thz,0
1o5r,0
1q91,0
1sdu,0
1q84,0
1tuf,0
1v0k,0
1v7a,0
1sh9,0
1v2w,0
2bfq,0
1xt8,0
1uwf,0
2bys,0
1w9v,0
1s5z,0
2bt9,0
1kjr,3
1ws4,0
1xk5,0
1ydk,0
1y3p,4
1u1b,0
1xh9,0
1y0l,0
1t7j,0
2byr,0
1y3n,0
1xge,0
2arm,0
2c3i,0
1yc4,0
1w96,0
1zhy,0
2a4m,0
1xh5,0
1xh4,0
2bak,0
1tjp,0
2baj,0
1xq0,0
2bal,0
1rr6,0
1x8d,0
1yc1,0
1xr9,9
2f7i,0
1xpz,0
2b9a,0
1wuq,0
1t4v,0
1x8j,0
1wur,0
1ws1,0
2bok,0
2a5s,0
2b07,0
2ax9,0
1yvm,0
2ayr,0
1wcq,0
1z71,0
1x39,0
1y1z,0
2brm,0
1x38,0
1zp8,0
1zdp,0
1zoh,0
2brb,0
1xk9,0
1xgi,0
1v1j,0
1x8t,0
2afw,0
1wvj,0
1w4p,0
2bvd,0
2a14,0
2erz,0
1t31,0
1z9g,0
1wn6,0
1y3v,0
2azr,0
2bo4,0
1yqy,0
2f6t,0
1tx7,0
1y6q,0
1z4o,0
1u71,0
1syi,0
1vzq,0
1t32,0
1syh,0
1zgi,0
1y20,0
1zoe,0
1yfz,0
1z6s,0
1z1h,0
1zpa,0
2al5,0
1w4q,0
1t5f,0
1xhy,0
1w4o,0
2afx,0
2br1,0
1yqj,0
1zog,0
1y3x,0
1x8r,0
1z95,0
1y6r,0
2exm,0
2c3l,0
1x1z,0
1yq7,0
2bqv,0
2f34,0
2c94,0
2iwx,0
2ews,0
2euk,3
2h21,0
2eum,3
2evl,3
2cgf,0
2iw4,0
2fgu,5
1zc9,0
2c97,0
2ce9,5
2j79,0
2fw6,0
2boj,0
2j7g,0
2buv,0
2ewa,0
2a5b,0
2cbz,0
2j77,0
2haw,0
2hu6,0
2o4n,0
2gl0,0
2gzl,0
2ccc,0
2b4l,0
2o4p,0
2c92,0
2cbu,0
2bmk,0
2a8g,0
2hmv,0
2hmu,0
2cex,0
2fqw,0
2j75,0
2ca8,0
2ha2,0
2j7b,0
2a5c,0
2fqy,0
2h3e,0
2g5u,0
2cbv,0
2hf8,0
2f35,0
2o4s,0
2ccb,0
2iko,0
2o4k,0
2amt,0
2j78,0
2h6b,0
2fxv,0
2c80,0
2ez7,0
2j7f,0
2ha5,0
2j7e,0
2ha6,0
2c1p,0
2ces,0
2gz2,0
2o4l,0
2j7h,0
2doo,0
1zea,9
2fqx,0
2j7d,0
2fgv,5
2il2,0
2fxu,0
2hnx,0
2ate,0
2h5a,0
2d0k,0
2cet,0
2cc7,0
2ha3,0
2cer,0
2cf8,0
2cf9,0
2aoe,7
2d1o,0
2f7o,0
2f81,0
2i3h,4
2i3i,0
2bz6,0
1zsf,6
2d3u,0
2b1i,0
1z6e,0
2b1g,0
2d3z,0
2f7p,0
2fqo,0
2g94,0
2gvj,0
2hoc,0
2h4g,0
2aqu,0
2aog,9
1zvx,0
2fqt,0
2ewb,0
2idw,0
2avo,0
2g8r,0
1ypg,0
2fpz,0
2e1w,0
2gvv,0
1zfk,0
2aoc,9
2gv7,0
2j34,0
2hb1,0
2i19,0
2am4,0
2f94,0
2fzc,0
2j4i,0
2f8g,0
2avm,8
2aod,9
2iuz,0
2bvr,0
2fx6,0
2dw7,0
2cn0,0
2fzk,0
2gsu,0
2fdp,0
2avs,0
2i3v,0
2f1g,0
2b7d,0
2f2h,0
2ihq,0
2h4k,0
2hs1,0
2j47,0
1zfq,0
2isw,0
2boh,0
2fvd,0
2hb3,0
2hzy,0
2avq,8
2fzg,0
2gv6,0
2j2u,0
2i0a,0
2i80,0
2cbj,0
1zge,0
2ceq,0
2f80,0
2hnc,0
2aj8,0
1z9y,0
2hxm,0
1zs0,0
1yp9,0
2d1n,0
2bvs,0
2f9k,0
2bq7,0
1ype,0
1w7g,0
1ypj,0
2v7a,0
2uxi,0
2v8w,0
2jdu,0
2v00,0
2jdp,0
2jdk,3
2py4,0
2jdh,3
2nn7,0
2pfy,0
2hkf,9
2qpq,0
2e27,0
2qx0,0
2e7f,0
2fxs,0
2nnd,0
2e5y,0
2nn1,0
2qta,0
2pgz,0
2v25,0
2r58,0
2oiq,0
2vhj,0
2pk6,0
2jg0,0
2nsj,0
2clk,0
2qm9,0
2ov4,0
2i4z,0
2q8h,0
2v3u,0
2gh9,0
2uyq,0
2r5a,0
2nmx,0
2nsl,0
2pk5,0
2vba,0
2vb8,0
2hzl,0
2cle,0
3b50,0
2uyn,0
2r0z,6
2jdm,0
2ra6,0
2ogy,0
2qhd,0
2uwd,0
2gj5,0
2hjb,0
2p09,0
2v95,0
2e2r,0
2igv,2
2oi2,0
2p15,0
2cli,0
2pql,0
2q7q,0
2i4j,0
2i6b,0
2pv1,7
2jf4,0
2v88,8
2clh,0
2e94,0
2i2c,0
2o4j,0
2p16,0
2e92,0
2oxd,0
2ot1,0
2oxx,0
2j4g,0
2e91,0
2pog,0
2nt7,0
2oxy,0
2j27,0
2p95,0
2o4r,0
2g9q,0
3bgz,0
2yxj,0
2p2a,0
2flr,0
2q54,0
2hw2,0
2p4j,0
2eg7,0
2obf,0
2pu1,0
2z94,0
3b7i,0
2uz9,0
2i4x,0
2qrl,0
3b3c,0
2hah,0
3b92,0
2oym,0
2qe4,0
2v3d,0
2p3a,0
3bgq,0
2ovv,0
2fle,0
2uwp,0
2ptz,0
2pwg,0
2nta,0
2on6,0
2g70,0
2jh6,0
1vso,0
2e2p,0
2q55,0
2i4d,0
2oax,0
2ojg,0
2cej,0
2i4w,0
2i4u,0
2jew,0
2fu8,0
2h15,0
2uy4,0
2hl4,0
2p3c,0
2psu,0
2ihj,0
3b3x,0
2o8h,0
2jiw,0
3b3s,0
2oi0,0
2jh0,0
2ojj,0
2uwo,0
2o0u,0
2uy5,0
2p3b,0
2r5p,0
2oag,0
2i2b,0
2eg8,0
2g72,0
2hhn,0
2r2w,0
2g71,0
2p53,0
2jh5,0
2oxn,0
2pou,0
2oc2,0
2qu6,0
2nmz,0
2gkl,0
2j62,0
2pwd,0
2j95,0
2ovy,0
2uwl,0
2pbw,0
2qft,0
2jfz,0
2j94,0
2qzr,0
2qrk,0
2o4z,0
2psv,0
2q38,0
2cen,0
2q5k,0
2jds,0
2i4v,0
2qdt,0
2uy3,0
2h6t,0
2pow,0
3b3w,0
2qfu,0
2v2q,0
2pov,0
2q1q,0
2z1w,0
2v2v,0
2jfh,0
2glp,0
2q8m,0
2q2a,0
2vt3,0
3exe,0
3cow,0
2vpn,0
2jgs,0
2vwc,0
2qpu,0
2p7z,0
2p7g,0
3d0b,0
3bva,0
3cj4,0
2p3i,0
3d2e,0
3c2o,0
3cj5,0
2zb1,0
2pvu,0
2q89,0
2vrj,0
3ebl,0
2qbu,0
2p7a,0
3c2r,0
2vmd,0
3coy,0
3ckb,0
2rcn,0
2vmc,0
3dhv,0
2pmk,0
3eeb,0
3e5u,0
2q88,0
2vyt,0
2pqc,0
3c2f,0
3bxg,0
3bbb,2
2rin,0
3c39,0
2vpe,9
2vo4,0
3cd5,0
2vuk,0
3exh,0
3ccw,0
3cd7,0
2vmf,0
3c84,0
3cj2,0
2pym,0
2rcb,0
2zpk,8
2r23,0
2vfk,0
3b5j,0
3f17,0
2qry,0
2reg,0
3bex,0
3coz,0
3bxf,0
2rio,0
3bra,0
3f3e,0
2qfo,0
2qv7,0
3f8c,0
3fat,0
3ery,9
3buh,0
3f8f,0
2pyy,0
3d7k,0
3cda,0
3cd0,0
3cct,0
2pyn,0
3b2q,0
3brn,0
3c4h,0
2q64,0
3bvb,0
3bxe,0
2zkj,0
2vc9,0
2vpo,0
3bzf,9
2r0h,0
2r1y,0
2qtn,0
2zdm,0
3f18,0
3bf1,0
2vw5,0
3b4p,0
3f6e,0
2zdl,0
2zdk,0
3dp4,0
3bbf,0
3f16,0
2vvn,0
2q7y,0
3ccz,0
3f48,0
2zdn,0
2qbw,8
3f80,0
3f1a,0
2pqb,0
3c79,0
2r2b,0
3cr5,0
3f19,0
3bug,0
2q63,0
3f3d,0
3bu1,0
3f15,0
2r75,0
3buf,0
3bxh,0
3cdb,0
2qbp,0
3c56,0
2qi5,0
2qi6,0
2qi4,0
2qbq,0
2r38,0
3ekr,0
3c52,0
2qi7,0
2qi3,0
2qnn,0
2r3w,0
2vnp,0
2rfh,0
2zq0,0
2v2h,0
2qbs,0
2za0,0
2pwr,0
2pvh,0
2z4o,0
2pwc,0
2vh6,0
3eko,0
2p4s,0
2pvm,0
2v2c,0
2qnp,0
2vw1,0
3ckp,0
2qbr,0
2vvp,0
2w26,0
3b65,0
2vw2,0
2qrp,0
3bkl,0
2ri9,0
2qnq,0
2qmg,0
3d91,0
2qd7,0
2rkf,0
3bkk,0
2qd8,0
3cke,0
3bgb,0
2vqt,0
3c2u,0
3b67,0
3e93,0
2r3t,0
2zcq,0
3d1z,0
3b5r,0
3bqc,0
2vkm,0
2rkd,0
3ckz,0
2qg0,0
3cyx,0
3e92,0
2vjx,0
3cf8,0
2uy0,0
3bl0,0
2qw1,0
3d7z,0
2zcr,0
2zn7,0
2vo5,0
3d4z,0
3ewj,0
3dd8,0
2r9x,0
2ra0,0
3c88,5
3czv,0
3fas,0
2pyi,0
3cyw,0
3d50,0
2zc9,0
2zgx,0
3b7u,0
2qrh,0
2rka,0
2p4y,0
2r43,0
3ddg,0
2pqz,0
2qd6,0
2q8z,0
3d1x,0
3bl1,0
3b66,0
3b7r,0
2ves,0
1w0z,0
3cs7,0
2yz3,0
3ddf,0
2rk8,0
3dln,0
2pvl,0
3be9,0
2zmm,0
2v54,0
3djk,0
1w13,0
2vj8,0
3eqr,0
3d4y,0
2vh0,0
2uxz,0
2q6f,0
2za5,0
3bft,0
2qhy,0
3cm2,0
2pu2,0
3bgs,0
2qg2,0
3d83,0
3bv9,6
2qci,0
2qi0,0
2vc7,0
2pnc,0
2vvs,0
2r2m,0
2qtt,0
2vsl,4
2zda,0
3b68,0
3d0e,0
3dyo,0
3e5a,0
2qi1,0
3d52,0
3bfu,0
2qhz,0
2ole,0
2jkp,0
2jke,0
2pvk,0
2rd6,0
2vk6,0
2r59,0
2qrg,0
2zfp,0
3b7j,0
2epn,0
3f3a,0
3c8a,5
1w11,0
2zcs,0
3d1y,0
3b4f,0
2pq9,0
2e9u,0
2qrq,0
3d51,0
2vot,0
3c8b,5
2rkg,0
2qtg,0
2v77,0
2rke,0
3cl0,0
3c89,5
2pvj,0
2r9w,0
3bgc,0
2vnt,0
2qrm,0
3f3c,0
2vl4,0
3c8e,0
2wjg,0
2vk2,0
3fzy,0
3a1c,0
3drf,8
3drg,9
3ie3,0
3el1,0
3jvs,0
3bwj,0
3g3r,0
3ekx,0
3ekv,0
3fvh,7
3ed0,0
3f33,0
3f34,0
2zym,0
3gnw,0
2v58,0
3iw5,0
2w7y,3
3e12,0
2w8j,0
3i9g,0
2weq,0
3ekp,0
3h1x,0
3iue,0
3ivx,0
2w47,0
3ekw,0
3ime,0
2wzf,0
2whp,0
3ijh,0
3hv8,0
3gkz,0
3gvu,0
3hx3,0
2vxn,0
3cfn,0
3imc,0
2weh,0
2weo,0
3juq,0
3evd,0
2wor,0
2wos,0
3a1s,0
2w4x,0
3f70,0
3gcp,0
2zwz,0
3gcu,0
3bpc,0
3dsz,0
3gm0,0
3el5,0
3dgo,0
3fjg,0
2v59,0
3dnt,0
3f3u,0
3fuc,0
3fj7,0
2wf5,0
3elc,0
3a1e,0
3fwv,6
3f37,0
3e3c,0
3e6y,0
3jup,0
3gxy,6
3kjd,0
3dp9,0
3g0e,0
3k5i,0
3isj,0
3ioc,0
3g19,3
3d78,0
3ekt,0
3f3t,0
2zq2,0
2zfs,0
3iub,0
3fhb,0
2wn9,0
3da9,0
3iw6,0
3ga5,0
2zft,0
2weg,0
2wnj,0
3gx0,0
3dri,6
2we3,0
2w08,0
3iob,0
3el9,0
3e85,0
3efs,0
3jzh,5
3jzg,4
2w9h,0
3kv2,0
2wnc,0
2wc4,0
3ivg,0
2wuf,0
2vzr,0
3a6t,0
3jrs,0
3ioe,0
3cz1,0
3gcs,0
3h78,0
3gpo,0
3g08,0
3cyz,0
3dzt,0
3cft,0
3el4,0
2w8w,0
3fql,0
3hww,0
3a1d,0
3ivc,0
2v57,0
3ifl,7
3juo,0
3f78,0
3gk1,0
3iod,0
2wej,0
3kr8,0
3gus,0
2wer,0
3fzn,0
2wgj,0
3g35,0
3h89,0
3f5k,0
2zjw,0
2zy1,0
3f5j,0
3ikg,0
3h5b,0
3jya,0
3fx6,0
3ikd,0
3dk1,0
3f5l,0
3g32,0
3gs6,0
3gsm,0
3fv3,6
3g0w,0
3g5k,0
3ctt,0
2wk6,0
3h8b,0
3dxh,0
3hk1,0
2wb5,0
3ibu,0
2w8y,0
2wc3,0
3gba,0
3ffg,0
3hb4,0
3iss,0
3g34,0
3dcc,0
3ebp,0
3egt,0
3g31,0
3ehy,0
2zxg,0
3fcq,0
2wkz,0
3jvr,0
3djq,0
3g2y,0
2vwn,0
3fur,0
3hs4,0
3gbe,0
3daz,0
3iww,0
2w67,0
3gbb,0
2jjb,0
3eft,0
3eax,0
3hig,0
3ibl,0
2wzs,0
3i7e,0
3dx2,0
3djx,0
3eb1,0
2wl0,0
3dnd,0
3ggu,0
3d6q,0
3d6p,0
3ebo,0
3f6g,0
3dd0,0
3d9z,0
2wky,0
2wca,0
3kgp,0
3gvb,0
3ibi,0
3ejq,0
3ejr,0
3ejp,0
3d7b,0
3ewc,0
3fee,0
2zx8,0
3hl7,0
3ibn,0
3fk1,0
3iph,0
2zx6,0
3g0i,0
3ehx,0
3gc4,0
3dx1,0
3djv,0
3ff3,0
3h30,0
2zz1,0
2zz2,0
3ge7,0
3hvj,0
3g30,0
2wqp,0
2wr8,0
3dx3,0
2vwo,0
2zx7,0
3g1d,0
3fed,0
3hl5,0
2wbg,0
3d8y,0
3gr2,0
2vvc,0
3hvh,0
3hvk,0
3dxg,0
3hkt,0
3g2z,0
3hkn,0
3hkq,0
3gtc,0
3dc3,0
3djo,0
3kmc,0
3d8z,0
3f7g,0
3i6o,0
3f7i,0
3ebh,0
3ip8,0
3hek,0
3hll,0
3fl5,0
3gc5,0
3f8e,0
3fqe,0
3hku,0
3hvi,0
3jy0,0
2zxd,0
3hit,0
3gqz,0
3djp,0
3k2f,0
3g1v,0
3gdt,0
2vvv,0
3dne,0
3d8w,0
3gv9,0
3a9i,0
3ffp,0
3dx4,0
3d6o,0
3ebi,0
3f68,0
3dbu,0
3f7h,0
2w5g,0
2w66,0
2vvu,0
3fjz,0
2vwm,0
2vwl,0
2wvz,0
2jkh,0
3lzs,0
3myg,0
3m5e,0
3mhl,0
3lzu,0
3hu3,0
3kdb,0
3m3x,0
3lxk,0
3m40,0
3m67,0
3kdm,0
3mhm,0
3ip6,0
3hzk,0
3mhi,0
2xjj,0
3mho,0
3nw3,0
2xdx,0
3hzv,0
3k1j,0
3kdc,0
2xab,0
3hcm,0
3k5v,0
3m89,0
3acl,0
3ip5,0
3p2e,0
2xjx,0
3nex,0
2xht,0
3kgu,0
3neo,0
3lka,0
3k00,0
3gy2,0
3k02,0
3huc,0
3a5y,0
3juk,0
3m8u,0
3ies,0
3lp4,0
3obx,9
3lbz,0
3lzz,0
2xjg,0
3kmx,0
3nq3,0
3iqu,6
3nim,4
2wq5,0
3lcv,0
3ny3,4
3lk8,0
3jrx,0
3l1n,0
3gy3,0
3lpl,0
3hkw,0
3ip9,0
3nes,0
2x4z,0
3jyr,0
3l59,0
2wva,0
3nkk,0
3miy,0
3oy8,2
3mss,0
3ljo,0
3lgs,0
3jzj,0
3o4k,0
3m3o,3
2xdk,0
3afk,3
3fh7,0
3p8p,0
3obq,9
3kgt,0
3i73,0
3hmp,0
2xde,0
3kdd,0
3lp7,0
2xbv,0
3nhi,0
3ng4,0
3hmo,0
3lcu,0
3gy7,0
3kmy,0
3o8p,0
3nik,4
3kqr,0
3m3e,3
2wyf,0
3hzm,0
3mf5,0
3npc,0
3nee,0
2x00,0
3guz,0
3l6h,0
3k8q,0
3n9s,0
3lq2,0
3p5o,0
3obu,9
2xib,0
3o84,0
3kyq,0
2xii,0
3ms9,0
3n1c,0
3nx7,0
2wvt,0
3oyw,0
2xdl,0
3hub,0
3k8o,0
3hky,0
3m3c,3
3gy4,0
2xbp,0
3ouj,0
3n8k,0
3nq9,0
3adv,0
3nht,0
2xeg,0
2xei,0
3liw,0
3i51,0
3hfb,0
3l4u,0
3mxe,0
3i4y,0
3l4y,0
3gt9,0
2xmy,0
3iae,0
3l4x,0
2xef,0
3m36,0
3nu3,0
3nuo,0
2xhm,0
3l4v,0
3l4z,0
2wly,2
3hf8,0
2xd9,0
3nuj,0
3aaq,0
3fv1,0
3nu6,0
3lpp,0
2xb7,0
2xda,0
3p8z,0
3a2o,0
3fvl,0
3owj,0
3lea,0
3lpk,0
3mdz,0
3m37,0
3nu9,0
3l4w,0
3lmk,0
3k8c,0
3k37,0
2xej,0
3mxd,0
3fvk,0
3nu4,0
2wtv,0
2xbw,0
3k97,0
2x95,0
3lir,0
2x8z,0
3mhc,0
3lbj,0
3g2i,0
3g2l,0
3n2u,0
3moh,0
2xnb,0
3g2h,0
2xbx,0
3g2k,0
3fvn,0
3agl,0
3gi4,0
3acw,0
3g2j,0
2x09,0
3mi2,0
3ljg,0
2x91,0
2xc0,0
2wyj,0
3lvw,0
3nox,0
2x97,0
2xj7,0
2x7t,0
3l0v,0
3lxe,0
3kr4,0
2wlz,2
2x0y,0
2xb8,0
3hp9,0
3ipq,0
3fuz,0
2wyg,0
3i60,0
3i5z,0
3acx,0
3kku,0
3i25,0
3l79,0
3mi3,0
3l7c,0
3mjl,0
3mfv,0
3mfw,0
2wm0,3
3n2v,0
3aas,0
3nyx,0
3hl8,0
3l3l,0
3pd8,0
3own,0
3k5x,0
3lpi,0
3iog,0
3l7b,0
3m1k,0
3kek,0
3nu5,0
3k4q,0
3l7a,0
3ipu,0
3mhw,0
3o5x,0
3i3b,0
3ok9,0
3lc3,0
3moe,0
2x7u,0
3gta,0
3n3g,0
3kgq,0
3gjw,0
2wzm,0
3l7d,0
3l3n,0
3pd9,0
3k99,0
3m35,0
3mz6,0
3nsn,0
3l3m,0
3le9,0
3gi6,0
3gi5,0
3iof,0
3odu,0
3fv2,0
3n9r,0
2xg9,0
3n7o,0
3k4d,0
3i4b,0
3nxq,0
3g2n,0
3kwa,0
3mof,0
3aho,0
3aau,0
3ahn,0
3mtw,0
3igp,0
2x96,0
2xc4,0
3ag9,0
2yln,0
3b24,0
3arp,0
3qx9,0
3ap4,0
3r1v,0
3uex,0
3rdo,0
3s8o,5
3ao2,0
3aqt,0
3zyu,0
3b26,0
3ove,5
3s0e,0
3pgu,0
3s0b,0
2yki,0
3o9p,0
3tf6,0
3qlm,0
3rdq,0
3uew,0
3arq,0
3rux,0
3t1l,0
3s8n,5
3p9t,0
3u5l,0
3arw,0
3b25,0
3pwm,0
2yay,0
3t1m,0
3ary,0
3alt,0
3rz7,0
3uev,0
3tcg,3
3qx8,0
3ppr,0
3qqa,0
3rm4,0
3rt4,0
2xp7,0
3rz1,0
3p9m,8
2xn3,0
3rdv,8
3rlb,0
3pju,0
3qin,0
3pyy,0
2ylc,0
3rz5,0
3njq,0
3zyf,0
3ru1,0
2yb0,0
3qnd,0
3s75,0
3ryj,0
2y9g,0
3rm9,0
3p7i,0
3q6z,0
3td4,0
3s71,0
3arv,0
3s8l,5
3ldp,0
3u5j,0
3ryz,0
3qps,0
3ovn,0
2y7i,0
3ujd,0
2xn5,0
3o75,0
2x6x,6
3q7q,0
3uj9,0
3sk2,0
3p3s,0
3ujc,0
3ocp,0
3q6w,0
2xj1,0
3rz0,0
3ppq,0
3s73,0
2yix,0
2y7p,0
3u10,0
3r6u,0
3myq,0
3n7h,0
3m6r,0
3ta0,0
3s78,0
3axz,0
3pxf,0
3rsx,0
3ryy,0
3arr,0
3qkd,0
3arx,0
3s72,0
3n35,0
2ydw,0
3qxv,0
3r24,0
3ao1,0
3ueu,0
3ao5,0
2yel,0
3p3r,0
3ta1,0
3p3t,0
3zqe,0
3p9l,8
3q71,0
3ov1,5
3rz8,0
3b27,0
3aru,0
3m96,0
2yek,0
3s77,0
2xj2,0
3qfd,9
3ppp,0
3qxt,0
3tao,0
3ryx,0
2yaz,0
2yk1,0
3ozj,0
3ujb,0
3mam,0
3o56,0
2ygf,0
3qyy,0
3ao4,0
2xm1,0
2yge,0
3rlp,0
3ryv,0
2xxt,0
3s76,0
3s0d,0
3po1,0
3zxz,0
2xpk,0
3u8n,0
3pbb,0
3r4n,0
3mv0,0
3n76,0
3pe2,0
3pe1,0
3pwd,0
3ozp,0
3pb9,0
3qox,0
3ama,0
3ppm,0
3sr4,0
3sm2,0
3muz,0
2xog,0
2ybu,0
3p8n,0
3nzk,0
3rf4,0
2xy9,0
3ozg,0
3rwp,0
2ya7,0
3qfy,0
3zq9,0
3r4m,0
2y7x,0
3zze,0
3qgw,0
3o9i,0
3oaf,0
2ya8,0
3pb7,0
3m3z,0
3p8o,0
3oy0,0
3oyq,0
3m8t,0
3t82,0
3slz,0
3t83,0
3t84,0
3sio,0
3t85,0
3pn1,0
3r4p,0
3old,6
2xpc,0
3oe5,0
3pn4,0
2y5g,0
3ohi,0
2xyd,0
3ai8,0
3s2v,0
3prs,0
3n2p,0
3o99,0
2y5h,0
3qgy,0
3o5n,0
3oim,0
3p3g,0
3nb5,0
3o9d,0
3nw9,0
3ui7,0
3ucj,0
3u8k,0
3rf5,0
3n86,0
3qaa,0
3n7a,0
3th9,0
3o9a,0
3oil,0
3mzc,0
3sjf,0
2xm2,0
3p58,0
3t8v,0
2xxr,0
3ni5,0
2y5f,0
2y81,0
2y7z,0
2ya6,0
3ml5,0
2ydt,0
3tza,0
3u8j,0
3b1m,0
3n3j,0
2xyf,0
3str,0
3rlr,0
3sw8,0
3p17,0
3nyd,0
3t01,0
3oe4,0
3ocz,0
3pfp,0
3mmf,0
2xys,0
2xxx,0
3r17,0
3ldq,0
3t1a,0
3qt6,0
2xye,0
3q1x,0
3p5l,0
3rlq,0
3u9q,0
3mna,0
3oku,0
3rt8,0
3rtf,0
3ozs,0
3pww,0
3q44,0
2y82,0
3sww,0
3pb8,0
2xyt,0
3n0n,0
3r16,0
3tfu,0
3o7u,0
3qfz,0
3okv,0
3s3v,0
3rv4,0
3o9e,0
3st5,0
3pgl,0
3roc,0
3q2j,0
3ps1,0
3ljz,0
3s9e,0
3ozr,0
3ozt,0
2x2r,0
3tu7,0
2yfx,0
3u8l,0
3po6,0
3p4v,0
3n4b,0
2y80,0
3ml2,0
4b74,0
4asj,0
3uug,0
4dy6,0
3s8x,0
4b73,0
4arw,0
4daf,0
3u15,0
4fcq,0
4dew,0
3s9t,0
3v3q,0
4dkq,0
4h75,8
4db7,0
3sax,0
4a4v,0
4aqh,0
4ewn,0
4dkr,0
4fut,0
4b5s,0
3v3l,0
4dko,0
3tay,0
3t6b,5
4b0b,0
4b5t,0
4b5w,0
4der,0
4erf,0
4eu0,0
4d8z,0
3vhd,0
4etz,0
4aq4,0
3sfg,0
4gah,0
4g0p,0
4ara,0
4fm8,0
3uil,0
4dst,0
4ai5,0
3vhc,0
4arb,0
4des,0
3udh,0
4dsu,0
4fxq,0
4dkp,0
3qbc,0
3zsq,0
4agm,0
4agn,0
3t0x,0
4dmw,0
4hbm,0
4g8m,0
3uyr,8
3sbi,0
4aj4,0
3u3u,0
3zt3,0
3ttn,0
3r0y,0
3zt2,0
4ago,0
4aba,0
4fys,6
4ajl,0
3vjc,0
4flp,0
4a4w,0
4egk,0
4det,0
4deu,0
2yhw,0
3r5t,0
3ubd,0
3v78,0
4agp,0
4aje,0
4aia,0
4fl2,0
4agl,0
2yme,0
4gq4,0
4avi,0
3umq,0
4dbm,0
3tk2,0
3u90,0
4abf,0
4ad3,0
3sap,0
4fnn,0
4abg,0
4aji,0
3uo4,0
4b76,0
4eo6,0
4g0q,0
3ttm,0
4f5y,0
4gzw,0
4abb,0
4emr,0
4e67,8
4epy,0
3t2w,0
4avj,0
4ffs,0
4axd,0
4f7v,0
3tif,0
3r7o,0
2yi7,0
4g0y,0
4abe,0
3re4,0
3up2,0
3vha,0
4abd,0
3rsr,0
4ab9,0
3uod,0
4ahu,0
3tkw,0
3ug2,0
4b1j,0
3upk,0
4i3z,0
3zsx,0
4fl1,0
3sbh,0
4fm7,0
4avh,0
3zsy,0
3upv,7
4g0z,0
4a6s,0
4ahs,0
4ahr,0
4duh,0
4av5,0
4ad2,0
4g8n,0
4gzx,0
3tsk,0
2ymd,0
4aci,0
2yi0,0
3zso,0
4f1l,0
4abh,0
3ttp,0
3v4t,0
3udd,0
4eo8,0
4dcs,0
3tb6,0
2yfa,0
4fxp,0
4emf,0
3tz0,0
3usx,0
3vje,0
4agq,0
4av4,0
4b8y,6
4euo,0
4a7i,0
4djr,0
4aoi,0
4ap7,0
3utu,0
3uw5,4
3vd4,0
4gid,0
3uw4,4
4ase,0
4agc,0
3t5u,0
4djp,0
4e7r,0
4dq2,0
4djq,0
3t0b,0
4app,0
3uz5,0
3vd9,0
3t09,0
4djv,0
3t2q,0
2yfe,0
3s54,0
4b7r,0
3s56,0
4ax9,0
3tfn,0
4fk6,0
3t64,0
3t60,0
3tfp,0
4ea2,0
3pwk,0
3vf5,0
4a4q,0
2y8c,0
4asd,0
4djw,0
4dv8,0
3vh9,0
3t70,0
3vfa,0
4b9k,0
3su3,0
3vf7,0
3sue,0
3t08,0
3vfb,0
4e4n,0
3u6h,0
3v5p,0
4ag8,0
4de1,0
4e6d,0
3zv7,0
4gqq,0
4de0,0
4do5,0
3qqs,0
4dld,0
4e9u,0
4g8v,0
4a95,0
3qdd,0
4e4l,0
4ei4,0
4dfg,0
3ts4,0
3shc,0
4e3g,0
4b6o,0
4fai,0
4a6l,0
4ehz,0
4b7j,0
3u7n,0
3uxk,0
4hge,0
4gqr,0
3twp,0
3uuo,0
3veh,0
4b5d,0
3umo,0
4a6c,0
3rv8,0
3si4,0
3spf,0
4gzp,0
4b6r,0
3sut,0
3r88,0
3su0,0
4gzt,0
3tzm,0
3tvc,0
4f39,0
3r6c,0
3u6i,0
3uri,8
4h3f,0
4fcf,0
4hf4,0
4ddy,0
3s43,0
3sxf,0
3t3u,0
4efs,0
3sha,0
3v7x,0
3uxl,0
3uzj,0
3v51,0
4f09,0
3su1,0
4acc,0
4fsl,0
3suw,0
4gkh,0
3qtv,0
4e5w,0
4g8y,0
3vhk,0
4bc5,0
3su5,0
3sym,0
3suf,0
4fs4,0
3rr4,0
3suv,0
3vdb,0
4de3,0
3s45,0
4dju,0
3u7s,0
4fev,0
4g90,0
4eky,0
4el0,0
3u92,0
4dhl,0
4gki,0
3u7m,0
3qw5,5
4dff,0
4i8n,0
3u81,0
3rbu,0
4dsy,0
4ek9,0
4exs,0
3s5y,0
3uxd,0
3suu,0
4djo,0
4en4,0
4a6b,0
3t0d,0
4el5,0
4e6q,0
3su2,0
3s6t,0
3u93,0
3tt4,0
4djy,0
4eoh,0
4do4,0
3u7l,0
4alx,0
3qwc,0
3su4,0
4ha5,0
4djx,0
3t3c,0
4afg,0
4few,0
4gg7,0
3uu1,0
3sug,0
3v7t,0
3qx5,0
3sv2,0
3si3,0
3v5t,0
4h3g,0
3syr,0
3sur,0
3sus,0
3qto,0
4b6p,0
4de2,0
4e0x,0
3vbd,0
4b9z,0
3u7k,0
4dds,0
4h3j,0
4f9u,0
3su6,0
4b6s,0
4f6w,0
3zi0,0
4ly1,0
4ggz,0
4i9h,0
4ko8,0
4k9y,0
4i54,0
4jyb,0
4loh,0
4g4p,0
4loi,0
4lxz,0
4lhv,0
4jyc,0
3zhx,0
4iuo,0
4btk,0
4gqp,0
4iue,0
4io2,0
4b7p,0
4n07,0
4jfk,0
3zll,0
3w07,0
4b33,0
3v2p,0
4b32,0
3zk6,0
3w9k,0
3v2q,0
4n6h,0
4f0c,0
3zlr,0
4b2l,0
4ddh,0
4e1k,0
4bqg,0
4mjo,0
4k6i,0
4fht,0
4f6u,0
4b34,0
4k4j,0
4hp0,4
4kao,0
4de5,0
4fzj,0
4io3,0
4l50,0
3v2n,0
4km0,0
4g5f,0
4kqp,0
4az5,0
4nkt,0
4b2i,0
4lkk,3
4ef6,0
4azc,0
4jne,0
4b35,0
4jv8,0
4km2,0
4l4v,0
4ezx,7
4lps,0
4br3,0
4knm,0
4bcs,0
4i7l,0
4att,0
4ceb,0
4ht0,0
4knj,0
4bup,0
4ido,0
4bi6,0
4mr3,0
4igt,0
4ipj,0
3w5n,0
4i9u,0
4hpi,3
3vvy,0
4k3h,0
4kn1,0
4ieh,0
4j7e,0
4io6,0
4aq6,0
4bks,0
3vx3,0
4kni,0
4knn,0
4ad6,0
4j3l,0
3vw2,0
4kax,0
4auj,0
4ayu,0
4fz3,6
4f9y,0
4j22,0
4ih6,0
4ljh,0
4k0o,0
4bb9,0
4b3c,0
4b3d,0
4jn2,0
4l4z,0
3zi8,0
4i8x,0
4dli,0
4jx9,0
4dzy,0
4bqh,0
4kmz,0
4hj2,0
4nxu,0
4lar,0
4j7d,0
4j93,0
4luz,0
4del,0
3vw1,0
4nku,2
4io7,0
4jv6,0
2ypo,0
4io4,0
4bkt,0
4c6u,0
4b3b,6
4mr6,0
4jal,0
4bi7,0
4j74,0
4ht2,0
4hu1,0
4k55,0
4efk,0
3zdv,0
4jfm,0
3zln,0
4n7m,0
4ddm,0
4ksy,0
4nxv,0
4i7p,0
4mme,0
4avs,0
4l6t,5
4kp8,0
4azi,0
4ge1,0
4jpy,0
4kcx,0
3zm9,0
4j21,0
2ypp,0
4ej8,0
4jwk,0
4ipi,0
4ipn,0
4kn0,0
4hfp,0
4gu9,0
4gu6,0
4nbn,0
4ayq,0
4ijh,0
4i7j,0
4kow,0
4bj8,0
4ddk,0
4e70,0
4idn,0
4kfq,0
4gue,0
4ih7,0
4jc1,0
4azb,0
4ezr,8
4ezz,7
4n5d,0
4gny,0
4nra,0
4jkw,0
4jpx,0
4h85,0
4ejl,0
4h81,0
4c1t,4
4lw1,0
4i7m,0
4cgi,0
4ayp,0
4kzq,0
4ih5,0
4azg,0
4loo,0
4ly9,0
4h7q,0
4c1u,3
4ghi,0
4kp5,0
4jym,0
4lk7,0
4io5,0
4np9,0
4i7k,0
4l51,0
4gbd,0
4gih,0
4kb9,0
4fp1,0
4gfm,0
4bny,0
4bcm,0
4bco,0
4ew3,0
4ivc,0
4isu,0
4ew2,0
4gfo,0
4gql,0
4gr0,0
4hw3,0
4da5,0
4ivd,0
4ca5,0
4bt4,0
4mss,0
4jia,0
4m0e,0
4mdn,0
4bt3,0
4az6,0
4hws,0
4jh0,0
4baq,0
4i72,0
4bps,0
4bam,0
4k18,0
4heg,0
4bak,0
4kyh,0
4gj3,0
4i5c,0
4ks1,0
4f3c,0
4bt5,0
4m0f,0
4j45,4
4j44,4
4gii,0
4ish,0
4ivb,0
3zcl,0
4mo8,0
4in9,4
4n3l,0
4bxk,0
4f9w,0
4k3n,0
4jsa,0
4j47,4
4i8w,0
4bcn,0
4mjp,0
3wjw,0
4gr8,0
4iic,0
4gr3,0
4eb8,0
4k0y,0
4n6z,0
4hla,0
4hwp,0
4ca6,0
4i71,0
4kyk,0
4i74,0
4bah,0
4j28,0
4j48,4
4ban,0
4iid,0
4gj2,0
3vtr,0
4hwo,0
4ca8,0
4hzm,0
4k77,0
4lch,0
4hy1,0
4bs0,0
4hdf,0
4m2r,0
4hdp,0
4kzu,0
4h42,0
4k5p,0
3znr,0
4m2v,0
3zns,0
4bao,0
3zpu,0
4iie,0
4ca7,0
4lvt,0
3zdh,0
4bck,0
4ij1,0
3zps,0
4f2w,0
4j46,4
4jfs,0
4jsz,0
4eor,0
4jss,0
4iwz,0
4m2w,0
4bcp,0
4lxd,0
4lko,0
3w37,0
4iif,0
4gkm,0
4elg,0
4bqs,0
4n9a,0
4iva,0
4f3k,0
3zbx,0
4hym,0
4lrr,0
4isi,0
4ks4,0
3zc5,0
4kx8,4
4kxb,0
3zdg,0
4elh,0
4hdb,0
4i8z,0
4m2u,0
4elf,0
4qyy,0
4mo4,0
4w97,0
4cg8,0
4w9h,0
4o0a,0
4qnb,0
4w9k,0
4m13,0
4m14,0
4q3t,0
4m0y,0
4q3u,0
4d3h,0
4nbl,0
3wha,0
4qac,0
4cga,0
4lj5,0
4n7u,0
4r4i,0
4r4t,0
4w9j,0
4np3,0
4oag,0
4pow,0
4cg9,0
4q6e,0
3w9r,0
4pfu,0
4m7j,3
4kxn,0
4qxr,0
4m12,0
4p3h,0
4w9i,0
4mrg,0
4csd,0
4rdn,0
4u0f,0
4cfl,0
4ouj,0
4wk1,0
4qdk,0
4rww,0
4lj8,0
4r4o,0
4rqk,0
4mn3,7
4q9o,0
4ndu,0
4qxq,0
4w9d,0
4ibc,0
4ibg,0
4nj9,0
4qsu,0
4qsv,0
4o2c,10
4poh,0
4rpn,0
4q4s,0
4phu,0
4u4s,0
4n9c,0
4q0k,0
4nl1,0
4rvr,0
4nbk,0
4m8e,0
4l9i,0
4pnu,0
4kif,0
4uof,0
4ovh,0
4k7i,0
4mmm,0
4pp3,0
4q4q,0
4ogj,0
4qem,0
4lzs,0
4pb2,0
4lov,0
4muv,0
4tu4,0
4uoh,0
4pum,0
4pp5,0
4mmp,0
4pzv,0
4ncn,0
4c52,0
4pft,0
4up5,0
4qf7,0
4o3f,0
4ll3,0
4qij,0
4r4c,0
4mgd,0
4tpw,0
4tte,0
4lzr,0
4ibd,0
4cig,0
4v27,2
4w9c,0
4rpo,0
4oeu,0
4qev,0
4tt2,6
4lyw,0
4mpn,0
4psb,0
4ocq,0
4c1y,0
4cjq,0
4m8h,0
4uyf,0
4ck3,0
4cu7,0
4ibb,0
4lbu,0
4nvp,0
4pmm,0
4og3,0
4leq,0
4uac,0
4myd,0
4qer,0
4qxo,0
4w9f,0
4pf5,0
4n6g,0
4pox,0
4tun,0
4trc,0
4qf8,0
4k7n,0
4oks,0
4q4o,0
4tz2,0
4ibf,0
4q4r,0
4qgd,0
4wt2,0
4cc5,0
4p5z,0
3wgg,0
4pp0,0
4je7,0
4qpl,0
4o6w,7
4c5d,0
4us3,0
4q4p,0
4q6d,0
4cj4,0
4mnp,0
4ibj,0
4cjp,0
4d1j,0
4c9x,0
4u43,0
4nyf,0
4m3p,0
4ozj,0
4pin,0
4np2,0
4non,0
4ibk,0
4k7o,0
4o61,0
4ua8,0
4wiv,0
4nnr,0
3wqm,0
4mre,0
4m0z,0
4nja,0
4je8,3
4o9w,6
4buq,0
4pop,0
4v01,0
4ibe,0
4ibi,0
4whs,0
4cjr,0
4qew,0
4cs9,0
4poj,0
4w9l,0
4uye,0
4u4x,0
4ql1,0
4og4,0
4oct,0
4rqv,0
4l2l,0
4cwr,0
4cws,0
4ngm,0
4jyt,0
4jzi,0
4m8x,0
4kz4,0
4cwq,0
4m8y,0
4mhz,0
4nue,0
4qy3,0
4cwp,0
4cwt,0
3zj6,0
4mc6,0
4cd0,0
4jz1,0
3wmc,0
4mhy,0
4mc9,0
4ty7,0
4lhm,0
4qge,0
4o04,0
4clj,0
4p6w,0
4cmo,0
4kz6,0
4l19,0
4r5t,0
4nuc,0
4r3w,0
4kwg,0
4msc,0
4kzb,0
4p5d,0
4nwc,0
4kz3,0
4m6u,0
4o2b,0
4ngp,0
4owm,0
4o9v,0
4r59,0
4cd1,0
4lm3,0
4qgi,0
4llx,0
3wq5,0
4kiu,0
4mc1,0
4pcs,0
4r76,0
4rak,0
4ciw,0
4ih3,0
4keq,0
4kwf,0
4omc,5
4nze,0
4w9p,0
4llp,0
4rj8,0
4w9o,0
4r5b,0
4jxs,0
4cd5,2
4c2v,0
4bf1,0
4o3c,0
4cwn,0
4cpz,0
4ovg,0
4cpt,0
4o09,0
4q93,0
4g95,0
4oc1,0
4p58,0
4cd4,2
3wq6,0
4ngn,0
4r5a,0
4kz7,0
4uma,0
4mrz,0
4ty6,0
4cpw,0
4oc0,0
4cwf,0
4cu8,0
4kwo,0
4cpr,0
4umc,0
4o05,0
4ou3,6
4llj,0
4n8q,0
4nh8,0
4o97,0
4v24,0
4bf6,0
4pee,0
4na9,0
4o07,0
4lkq,0
4owv,0
4cpy,0
4nh7,0
4ual,0
4oc3,0
4oc2,0
4cps,0
4u8w,0
4msa,0
4mrw,0
4itp,0
4lm0,0
4oak,2
4lm1,0
4o0b,0
4cwo,0
4m0r,0
4mc2,0
4o0y,0
4o0x,0
4oma,0
4cp7,0
4ovf,0
4bzs,0
4loy,0
4q19,0
4oc5,0
4lm4,0
4p6x,0
4lm2,0
4msn,0
4llk,0
4umb,0
4wr7,0
5bs4,0
4xtx,0
4ww6,0
4ww8,0
4zzz,0
3wtn,0
3wtl,0
3wtm,0
3wzn,0
3wto,0
4zzx,0
4xtz,0
4wup,0
4rd0,0
4zzd,0
3wtj,0
4xu3,0
5cp9,0
4xu1,0
4rd3,0
4zhl,10
4ymh,0
4zeb,0
4zvi,0
4rd6,0
4zb6,0
4xtv,0
4xu2,0
4xty,0
4xu0,0
4tqn,0
3x00,0
4tkj,0
4xtw,0
4zb8,0
4tjz,0
4rr6,0
4ra1,0
4d4d,0
5ct2,0
4y5d,0
4zei,0
4cst,0
4yc9,0
4zec,0
4ymq,0
4ysl,0
5cbr,0
4tkh,0
3wvm,0
4czs,5
4rlt,0
5boj,0
5aba,0
4xxh,0
4y2q,0
4qtl,0
5e1s,0
4rlw,0
4rra,0
4zl4,0
4xya,0
5efc,0
5d1r,0
5efa,0
4x5r,0
4rlu,0
4rrg,0
4qpd,0
4q46,0
4pg9,9
4qjw,0
4wop,0
4x50,0
4w52,0
4pge,9
5am6,0
5alb,0
4crl,0
4u0w,0
4x5q,0
4zek,0
4zyf,0
5e8f,5
4tkb,0
4qjp,0
4zzy,0
5afv,0
5a81,0
4ymg,0
5a5q,0
5aoj,0
4x5z,0
5dqe,0
4rrf,0
4r73,0
4uin,0
4ynl,6
4x8o,0
4or4,0
4x3k,7
5a7b,0
4yrd,0
5btx,0
5cqu,0
4rwj,0
4zj6,10
4zba,0
4urz,0
4u5n,0
4qb3,0
4css,0
4u5o,0
5cbs,0
4u5s,0
5c3p,0
4zji,0
5azf,4
4xy8,0
4wn5,0
4cl6,0
5d21,0
4or6,0
4omk,0
4qjo,0
4z93,0
4xmb,0
4cp5,0
5aol,0
4qj0,0
4ucc,0
4z6i,0
4omj,0
4y59,0
4q08,0
4qiy,0
4zme,0
4qjx,0
4qfo,2
4r0a,0
4r75,0
4qfp,2
4unp,0
4pyy,0
4ury,0
4x5p,0
5acy,0
4q09,0
4qjm,0
5aut,0
5ahw,0
4z6h,0
5am7,0
5bv3,0
4x11,3
5cs3,0
4qiz,0
4qfl,2
4xt2,0
4pyx,0
5dq8,0
5c5t,0
4zow,0
4qfn,2
4ymx,0
4oiv,0
4u54,0
5a2i,6
5cc2,0
4xmr,0
4r74,0
4x5y,0
4qp2,0
5aoi,0
5bry,0
4crc,0
4yth,0
5dgu,0
4zj4,10
5dgw,0
4zhm,10
4ytc,0
4crb,0
4yo8,0
5ceq,0
4ynb,0
5bwc,0
4cra,0
4zbf,0
4yik,0
5cep,0
4zo5,0
4wkn,0
4o2p,0
4zip,0
5cjf,0
4wkp,0
4pv5,0
4qhc,0
4zbi,0
4wko,0
4qll,0
4z0k,0
4q99,0
4qlk,0
4crf,0
4ymb,0
4wrb,0
4s1g,0
5aml,0
5dit,0
4zls,0
3wz6,0
5cas,0
4x6n,0
3wz8,0
5cau,0
5e2p,0
4rhx,0
4ykk,0
4yhq,0
3wz7,0
4x6o,0
4re2,0
4riv,0
4twp,0
4p6c,0
5fl4,0
4xar,0
4x6i,0
4zx0,0
4rn4,0
4xir,0
4y79,0
4ruy,0
4rux,0
4x8v,0
4ufk,0
4re4,0
4q87,0
4z84,0
4x24,0
5c1m,0
4z2b,0
4x48,0
5cbm,0
4ufm,0
5e2o,0
4q9y,0
5c28,0
4ufl,0
4qd6,0
5egm,0
5caq,0
4wkb,0
5amd,0
4ygf,0
4yha,0
4ruz,0
4q7w,0
4q8y,0
4xip,0
4xas,0
4q7v,0
4q8x,0
5c8n,0
4zwz,0
4zwx,0
4q1w,0
4x8u,0
4zae,0
4y8x,0
4u6z,0
5byi,0
4qf9,0
4ykj,0
4wa9,0
4ufh,0
4q7s,0
4ye3,0
4yml,0
4z1k,0
5c2a,0
4u1b,0
4z83,0
5fl6,0
4q1y,0
4q7p,0
4y0a,0
4ryd,5
4rfc,0
4z1e,0
4x6m,0
4riu,0
5cap,0
4ufj,0
4u69,0
4xit,0
5e13,0
4x6p,0
5amg,0
4u71,0
5fl5,0
4u73,0
4z0q,0
4u6w,0
4ufi,0
4q83,0
5dwr,0
4q90,0
4qrh,0
4z1j,0
4cr5,0
4xaq,0
4zx1,0
4wov,0
4yc0,0
4xe1,0
4q1x,0
5c2h,0
5c1w,0
4rfd,0
4cr9,0
5e2r,0
4xiq,0
4u70,0
4yes,0
4u6c,0
4rfm,0
4q81,0
4yzu,0
